script_id,take_id,candidate_voice,exact_script,recording_status,heard_exact_words,clear_number_words,natural_adult_guide,comfortable_pacing,no_extra_speech_or_noise,clipping_or_harshness,preference,decision,reviewer,reviewed_at,notes
VO-WELCOME,p1-cedar-VO-WELCOME-t01,cedar,Hello! Let’s get our picnic ready.,missing-not-generated,pending-recording-missing,pending-recording-missing,pending-recording-missing,pending-recording-missing,pending-recording-missing,pending-recording-missing,pending,pending,,,No recording exists; do not score this row yet.
VO-WELCOME,p1-marin-VO-WELCOME-t01,marin,Hello! Let’s get our picnic ready.,missing-not-generated,pending-recording-missing,pending-recording-missing,pending-recording-missing,pending-recording-missing,pending-recording-missing,pending-recording-missing,pending,pending,,,No recording exists; do not score this row yet.
VO-COUNT-BERRY-03,p1-cedar-VO-COUNT-BERRY-03-t01,cedar,Put three berries in the basket.,missing-not-generated,pending-recording-missing,pending-recording-missing,pending-recording-missing,pending-recording-missing,pending-recording-missing,pending-recording-missing,pending,pending,,,No recording exists; do not score this row yet.
VO-COUNT-BERRY-03,p1-marin-VO-COUNT-BERRY-03-t01,marin,Put three berries in the basket.,missing-not-generated,pending-recording-missing,pending-recording-missing,pending-recording-missing,pending-recording-missing,pending-recording-missing,pending-recording-missing,pending,pending,,,No recording exists; do not score this row yet.
VO-COUNT-TOO-MANY,p1-cedar-VO-COUNT-TOO-MANY-t01,cedar,There are too many. Tap a piece in the basket to give it back.,missing-not-generated,pending-recording-missing,pending-recording-missing,pending-recording-missing,pending-recording-missing,pending-recording-missing,pending-recording-missing,pending,pending,,,No recording exists; do not score this row yet.
VO-COUNT-TOO-MANY,p1-marin-VO-COUNT-TOO-MANY-t01,marin,There are too many. Tap a piece in the basket to give it back.,missing-not-generated,pending-recording-missing,pending-recording-missing,pending-recording-missing,pending-recording-missing,pending-recording-missing,pending-recording-missing,pending,pending,,,No recording exists; do not score this row yet.
VO-JOIN-TOTAL,p1-cedar-VO-JOIN-TOTAL-t01,cedar,How many are on the shared mat? Choose a number.,missing-not-generated,pending-recording-missing,pending-recording-missing,pending-recording-missing,pending-recording-missing,pending-recording-missing,pending-recording-missing,pending,pending,,,No recording exists; do not score this row yet.
VO-JOIN-TOTAL,p1-marin-VO-JOIN-TOTAL-t01,marin,How many are on the shared mat? Choose a number.,missing-not-generated,pending-recording-missing,pending-recording-missing,pending-recording-missing,pending-recording-missing,pending-recording-missing,pending-recording-missing,pending,pending,,,No recording exists; do not score this row yet.
VO-BYE,p1-cedar-VO-BYE-t01,cedar,Bye for now. Your garden will be here.,missing-not-generated,pending-recording-missing,pending-recording-missing,pending-recording-missing,pending-recording-missing,pending-recording-missing,pending-recording-missing,pending,pending,,,No recording exists; do not score this row yet.
VO-BYE,p1-marin-VO-BYE-t01,marin,Bye for now. Your garden will be here.,missing-not-generated,pending-recording-missing,pending-recording-missing,pending-recording-missing,pending-recording-missing,pending-recording-missing,pending-recording-missing,pending,pending,,,No recording exists; do not score this row yet.
